<?xml version="1.0" encoding="UTF-8"?>
<!DOCTYPE properties SYSTEM "http://java.sun.com/dtd/properties.dtd">
<properties>

<entry key="SELECT_ALL_USERS">
SELECT
id, 
application,
username, 
password, 
fullname,
role 
FROM users
</entry>

<entry key="INSERT_USER">
INSERT INTO users (username, password, fullname, application, role) VALUES (?, ?, ?, ?, ?)
</entry>

<entry key="DELETE_USER">
DELETE FROM users WHERE id = ?
</entry>

<entry key="UPDATE_USER">
UPDATE users SET username=?, password=?, fullname=?, application=?, role=? WHERE id = ?
</entry>

<entry key="VALIDATE_USER">
SELECT
id, 
username, 
password, 
application,
fullname,
role 
FROM users
WHERE username = ?
AND password = ?
AND application = ?
</entry>


<entry key="SELECT_APPLICATION">
SELECT
id,
name
FROM applications
</entry>

<entry key="SELECT_EMAIL_CACHE_BY_KEY">
SELECT
id
FROM emailcache
WHERE cachekey = ?
</entry>

<entry key="INSERT_EMAIL_CACHE">
INSERT INTO emailcache (cachekey) VALUES (?)
</entry>

<entry key="INSERT_IOTSAVE">
INSERT INTO iotsave (guid, json) VALUES (?, ?)
</entry>

<entry key="DELETE_IOTSAVE">
DELETE FROM iotsave WHERE guid = ?
</entry>

<entry key="UPDATE_IOTSAVE">
UPDATE iotsave SET json=? WHERE guid = ?
</entry>

<entry key="SELECT_IOTSAVE">
SELECT
guid,
json
FROM iotsave
WHERE guid = ?
</entry>

<entry key="SELECT_IOTALL">
SELECT
guid,
json
FROM iotsave
</entry>

</properties>
